strategy_version,trades,avg_winrate,profit,avg_pf
v3_cooldown,818,49.98090909090909,-44.34,0.9536363636363636
v4_ema20,562,48.01636363636364,-48.39,0.8881818181818182
